<?xml version="1.0" encoding="UTF-8" ?>
<!DOCTYPE mapper
  PUBLIC "-//mybatis.org//DTD Mapper 3.0//EN"
  "http://mybatis.org/dtd/mybatis-3-mapper.dtd">
<mapper namespace="com.dao.AssignInfoMapper">

	<!-- 声明集合类型 -->
  	<resultMap id="assignList" type="com.entity.Freeinsrecord">	
	  <id property="id" column="id"/>
	  <result property="cstmName" column="cstmName"/>
	  <result property="cstmSex" column="cstmSex"/>
	  <result property="cstmAge" column="cstmAge"/>
	  <result property="cstmPhone" column="cstmPhone"/>
	  <result property="beginTime" column="beginTime"/>
	  <result property="addr" column="addr"/>
	  <result property="isMarry" column="isMarry"/>
	  <result property="nation" column="nation"/>
	  <result property="intention" column="intention"/>
	  <result property="userid" column="userid"/>
	  <result property="remark" column="remark"/>
	  <result property="status" column="status"/>
	</resultMap>
	<!-- 分页 -->
	<select id="findByPage" resultMap="assignList">
	    select * from freelnsrecord where status=3 limit #{start},#{rows} 
	</select>
	<!-- 查询总数 -->
	<select id="findCount" resultType="java.lang.Long">
	    select count(*) from freelnsrecord where status=3 
	</select>
	<!--按userId查询 -->
	<select id="findByUserId" resultMap="assignList">
	    select * from freelnsrecord where status=3 and userid=#{uid}
	</select>
	<!-- 通过id修改状态 -->
	<update id="updFreeIns">
	    update freelnsrecord set status=4 where id=#{id}
	</update>
</mapper>













