<?xml version="1.0" encoding="UTF-8" ?>
<!DOCTYPE mapper
  PUBLIC "-//mybatis.org//DTD Mapper 3.0//EN"
  "http://mybatis.org/dtd/mybatis-3-mapper.dtd">
<mapper namespace="com.dao.FreeInsMapper">

	<!-- 声明集合类型 -->
  	<resultMap id="FreeInsList" type="com.entity.Freeinsrecord">	
	  <id property="id" column="id"/>
	  <result property="cstmName" column="cstmName"/>
	  <result property="cstmSex" column="cstmSex"/>
	  <result property="cstmAge" column="cstmAge"/>
	  <result property="cstmPhone" column="cstmPhone"/>
	  <result property="beginTime" column="beginTime"/>
	  <result property="addr" column="addr"/>
	  <result property="isMarry" column="isMarry"/>
	  <result property="nation" column="nation"/>
	  <result property="intention" column="intention"/>
	  <result property="userid" column="userid"/>
	  <result property="remark" column="remark"/>
	</resultMap>
  	<!-- 查找 -->
  	<select id="findAll" resultMap="FreeInsList">
	    select * from freelnsrecord 
	</select>
	<!-- 分页 -->
	<select id="findByPage2" resultMap="FreeInsList">
	    select * from freelnsrecord where status=2 limit #{start},#{rows} 
	</select>
	<!-- 分页 -->
	<select id="findByPage" resultMap="FreeInsList">
	    select * from freelnsrecord where status=1 limit #{start},#{rows} 
	</select>
	<!-- 查询总数 -->
	<select id="findCount" resultType="java.lang.Long">
	    select count(*) from freelnsrecord where status=1
	</select>
	<!-- 查询免险提交总数 -->
	<select id="findCount2" resultType="java.lang.Long">
	    select count(*) from freelnsrecord where status=2
	</select>
  	<!-- 更新 -->
	<update id="updateFreeIns" parameterType="com.entity.Freeinsrecord">
	    update freelnsrecord set cstmName=#{cstmName},cstmSex=#{cstmSex},
	    cstmAge=#{cstmAge},cstmPhone=#{cstmPhone},beginTime=#{beginTime}, 
	    addr=#{addr},isMarry=#{isMarry},nation=#{nation},intention=#{intention},remark=#{remark} 
	    where id=#{id}
	</update>
	<!-- 通过id查询 -->
	<select id="findById" resultType="com.entity.Freeinsrecord">
	    select * from freelnsrecord where id=#{id}
	</select>
	<!-- 删除 -->
	<delete id="deletefreeIns">
		delete from freelnsrecord where id=#{id}
	</delete>
	<!-- 通过id修改状态 -->
	<update id="updateStatus">
	    update freelnsrecord set status=2 where id=#{id}
	</update>
	<!-- 通过id修改状态 -->
	<update id="updateStatus2">
	    update freelnsrecord set status=3 where id=#{id}
	</update>
	<!-- 添加 -->
	<insert id="insertfreeIns" parameterType="com.entity.Freeinsrecord">
		insert into freelnsrecord values(null,#{cstmName},#{cstmSex},
	    #{cstmAge},#{cstmPhone},#{beginTime}, 
	    #{addr},#{isMarry},#{nation},#{intention},null,#{remark},1)
	</insert>
	<!-- 通过userid查询当前用户的客户信息-->
	<select id="findByUserId" resultType="com.entity.Freeinsrecord">
	    select * from freelnsrecord where userid=#{id}
	</select>
  
</mapper>













