<?xml version="1.0" encoding="UTF-8" ?>
<!DOCTYPE mapper
  PUBLIC "-//mybatis.org//DTD Mapper 3.0//EN" "http://mybatis.org/dtd/mybatis-3-mapper.dtd">
<mapper namespace="com.dao.InsfollowMapper">

	<!-- 声明集合类型 -->
  	<resultMap id="InsfollowList" type="com.entity.Insfollow">	
	  <id property="id" column="id"/>
	  <result property="visitTime" column="visitTime"/>
	  <result property="visitContent" column="visitContent"/>
	  <result property="insId" column="insId"/>
	  <result property="remark" column="remark"/>
	</resultMap>
  	<!-- 查找 -->
  	<select id="findInsfollow" resultMap="InsfollowList">
	     select * from insfollow where insId=#{id}
	</select>
	<!-- 添加 -->
	<insert id="addfollow" parameterType="com.entity.Insfollow">
		insert into insfollow values(null,#{f.visitTime},#{f.visitContent},#{id},null)
	</insert>
  
</mapper>













