<?xml version="1.0" encoding="UTF-8" ?>
<!DOCTYPE mapper
  PUBLIC "-//mybatis.org//DTD Mapper 3.0//EN" "http://mybatis.org/dtd/mybatis-3-mapper.dtd">
<mapper namespace="com.dao.InsproductMapper">

	<!-- 声明集合类型 -->
  	<resultMap id="InsproductList" type="com.entity.Insproduct">	
	  <id property="id" column="id"/>
	  <result property="pname" column="pname"/>
	  <result property="cycle" column="cycle"/>
	  <result property="price" column="price"/>
	  <result property="remark" column="remark"/>
	</resultMap>
  	<!-- 查找 -->
  	<select id="findInsProduct" resultMap="InsproductList">
	     select * from insproduct
	</select>
	
  
</mapper>













