<?xml version="1.0" encoding="UTF-8" ?>
<!DOCTYPE mapper
  PUBLIC "-//mybatis.org//DTD Mapper 3.0//EN"
  "http://mybatis.org/dtd/mybatis-3-mapper.dtd">
<mapper namespace="com.dao.InsrecordMapper">

	<!-- 声明集合类型 -->
  	<resultMap id="InsrecordList" type="com.entity.Insrecord">	
	  <id property="id" column="id"/>
	  <result property="cstmName" column="cstmName"/>
	  <result property="cstmAge" column="cstmAge"/>
	  <result property="cstmSex" column="cstmSex"/>
	  <result property="cstmPhone" column="cstmPhone"/>
	  <result property="beginTime" column="beginTime"/>
	  <result property="addr" column="addr"/>
	  <result property="isMarry" column="isMarry"/>
	  <result property="nation" column="nation"/>
	  <result property="intention" column="intention"/>
	  <result property="idcard" column="idcard"/>
	  <result property="backCard" column="backCard"/>
	  <result property="wechat" column="wechat"/>
	  <result property="beneficiary" column="beneficiary"/>
	  <result property="userId" column="userId"/>
	  <result property="productId" column="productId"/>
	  <result property="remark" column="remark"/>
	  <result property="status" column="status"/>
	  <result property="cycle" column="cycle"/>
	  <result property="price" column="price"/>
	</resultMap>
	
	<!-- 分页 -->
	<select id="findByPage" resultMap="InsrecordList">
	    select * from insrecord where status=1 limit #{start},#{rows} 
	</select>
	<!-- 查询总数 -->
	<select id="findCount" resultType="java.lang.Long">
	    select count(*) from insrecord where status=1
	</select>
 
	<!-- 添加 -->
	<insert id="addInsrecord" parameterType="com.entity.Insrecord">
		insert into insrecord values(null,#{f.cstmName},
	    #{f.cstmAge},#{f.cstmSex},#{f.cstmPhone},#{f.beginTime}, 
	    #{f.addr},#{f.isMarry},#{f.nation},#{f.intention},null,null,null,null,#{uid},null,#{f.remark},1)
	</insert>
	<!-- 更新 -->
	<update id="updateIns" parameterType="com.entity.Insrecord">
	    update insrecord set cstmName=#{cstmName}, cstmAge=#{cstmAge},
	    cstmSex=#{cstmSex},cstmPhone=#{cstmPhone},beginTime=#{beginTime}, 
	    addr=#{addr},isMarry=#{isMarry},nation=#{nation},intention=#{intention},
	    idcard=#{idcard},bankCard=#{bankCard},wechat=#{wechat},beneficiary=#{beneficiary},
	    remark=#{remark} where id=#{id}
	</update>
	<!-- 更新 -->
	<update id="updateIns2">
	    update insrecord set status=2 where id=#{id}
	</update>
	<!-- 查找转台为2 的 -->
	<select id="findByInsStatus" resultMap="InsrecordList">
	    select * from insrecord  where status=2
	</select>
	<!-- 更新2 -->
	<update id="updateIns3">
	    update insrecord set status=3 where id=#{id}
	</update>
	<!-- 查找转台为3 的 -->
	<select id="findByInsStatus2" resultMap="InsrecordList">
	     select a.*,b.price,cycle from insrecord a inner join insproduct b on a.productId=b.id
	</select>
	<!-- 购买保险产品-->
	<update id="addproduct">
		update insrecord set productId=#{pid} where id=#{id}
	</update>
</mapper>













