<?xml version="1.0" encoding="UTF-8" ?>
<!DOCTYPE mapper
  PUBLIC "-//mybatis.org//DTD Mapper 3.0//EN"
  "http://mybatis.org/dtd/mybatis-3-mapper.dtd">
<mapper namespace="com.dao.MenuUtilMapper">

	<!-- 声明集合类型 -->
  	<resultMap id="menuUtilList" type="com.entity.MenuUtil">	
	  <id property="id" column="id" />
	  <result property="menuText" column="menuText"/>
	  <result property="menuUrl" column="menuUrl"/>
	  <result property="level" column="level"/>
	  <result property="remark" column="remark"/>
	  <result property="ptext" column="ptext"/>
	  <result property="text" column="text"/>
	</resultMap>
  	
  	<!-- 查找 -->
  	<select id="findAll" resultMap="menuUtilList">
	    select * from menuutil
	</select>
  
</mapper>
