<?xml version="1.0" encoding="UTF-8" ?>
<!DOCTYPE mapper
  PUBLIC "-//mybatis.org//DTD Mapper 3.0//EN" "http://mybatis.org/dtd/mybatis-3-mapper.dtd">
<mapper namespace="com.dao.RolesMapper">

	<!-- 声明集合类型 -->
  	<resultMap id="RolesList" type="com.entity.Roles">	
	  <id property="id" column="id"/>
	  <result property="rname" column="rname"/>
	  <result property="level" column="level"/>
	  <result property="remark" column="remark"/>
	</resultMap>
  	<!-- 查找 -->
  	<select id="findAll" resultMap="RolesList">
	    select * from roles
	</select>
	<!-- 分页 -->
	<select id="findByPage" resultMap="RolesList">
	    select * from roles limit #{start},#{rows}
	</select>
	<!-- 查询总数 -->
	<select id="findCount" resultType="java.lang.Long">
	    select count(*) from roles
	</select>
	<!-- 添加 -->
	<insert id="addRoles" parameterType="com.entity.Roles">
		insert into roles values(null,#{rname},#{level},#{remark})
	</insert>
	
	<update id="updRoles" parameterType="com.entity.Roles">
		update roles set rname=#{rname},level=#{level},remark=#{remark} where id=#{id}
	</update>
	
	<!--添加角色授权 -->
  	<insert id="grantRoles" parameterType="com.entity.Permmenu">
	     insert into permmenu values(#{rid},#{menuname},null)
	</insert>
	
	<!--删除角色授权 -->
  	<delete id="delByRid">
	     delete from permmenu where rid=#{rid}
	</delete>
	<!--删除角色 -->
  	<delete id="delRoles">
	     delete from roles where id=#{id}
	</delete>
  
</mapper>













