<?xml version="1.0" encoding="UTF-8" ?>
<!DOCTYPE mapper
  PUBLIC "-//mybatis.org//DTD Mapper 3.0//EN" "http://mybatis.org/dtd/mybatis-3-mapper.dtd">
<mapper namespace="com.dao.UserMapper">

	<!-- 声明集合类型 -->
  	<resultMap id="SysuserList" type="com.entity.Sysuser">	
	  <id property="id" column="id"/>
	  <result property="name" column="name"/>
	  <result property="pwd" column="pwd"/>
	  <result property="did" column="did"/>
	  <result property="rid" column="rid"/>
	  <result property="level" column="level"/>
	  <result property="isdel" column="isdel"/>
	  <result property="remark" column="remark"/>
	</resultMap>
  	<!-- 查找 -->
  	<select id="findAll" resultMap="SysuserList">
	     select * from sysuser where isdel=1
	</select>
	<!-- 查找指定rid的员工 -->
  	<select id="findbyRid" resultMap="SysuserList">
	     select * from sysuser where isdel=1 and rid=3
	</select>
	<!-- 给指定用户指派角色 -->
  	<update id="addUserAssignRoles">
	     update sysuser set rid=#{rid} where id=#{id}
	</update>
	<!-- 重置秘密 -->
	<update id="resetUserPwd">
		update sysuser set pwd=#{usePwd} where id=#{id}
	</update>
	<!-- 修改用户信息 -->
	<update id="updUsers">
		update sysuser set name=#{name},pwd=#{pwd},remark=#{remark} where id=#{id}
	</update>
	<!-- 添加 -->
	<insert id="addUsers" parameterType="com.entity.Sysuser">
		insert into sysuser values(null,#{name},#{pwd},null,null,null,1,#{remark})
	</insert>
	<!-- 删除 -->
	<update id="delUsers">
		update sysuser set isdel=0 where id=#{id}
	</update>
	
	<!-- 登录验证 -->
  	<select id="Logincheck" parameterType="com.entity.Sysuser" resultMap="SysuserList">
	     select * from sysuser where name=#{name} and pwd=#{pwd} and isdel=1
	</select>
	<!-- 设置新密码 -->
	<update id="addNewPwd">
		update sysuser set pwd=#{pwd} where id=#{id}
	</update>
	
  
</mapper>













