<?xml version="1.0" encoding="UTF-8"?>
<beans
	xmlns="http://www.springframework.org/schema/beans"
	xmlns:xsi="http://www.w3.org/2001/XMLSchema-instance"
	xmlns:p="http://www.springframework.org/schema/p"
	xmlns:context="http://www.springframework.org/schema/context"
	xmlns:tx="http://www.springframework.org/schema/tx"
	xmlns:aop="http://www.springframework.org/schema/aop"
	xsi:schemaLocation="
	http://www.springframework.org/schema/beans 
	http://www.springframework.org/schema/beans/spring-beans-4.0.xsd
	http://www.springframework.org/schema/context 
	http://www.springframework.org/schema/context/spring-context-4.0.xsd
	http://www.springframework.org/schema/tx 
	http://www.springframework.org/schema/tx/spring-tx-4.0.xsd
	http://www.springframework.org/schema/aop 
	http://www.springframework.org/schema/aop/spring-aop-4.0.xsd
	">
	<!-- 自动扫描 -->
	<context:component-scan base-package="com.dao"></context:component-scan>
	<context:component-scan base-package="com.service"></context:component-scan>
	<!-- 数据库连接相关的配置 -->
	<!-- 配置数据源 -->
	<bean id="dataSource" class="org.springframework.jdbc.datasource.DriverManagerDataSource">
		<property name="driverClassName" value="com.mysql.jdbc.Driver"></property>
		<property name="url" value="jdbc:mysql://localhost:3306/db_ins?useUnicode=true&amp;characterEncoding=utf-8"></property>
		<property name="username" value="root"></property>
		<property name="password" value="root"></property>
	</bean>
	
	<!-- 配置mybatis的sqlSessionFactory -->
	<bean id="sqlSessionFactory" class="org.mybatis.spring.SqlSessionFactoryBean"> 
		<property name="dataSource" ref="dataSource"></property>
		<!-- 自动扫描mappers.xml文件 -->
		<property name="mapperLocations" value="classpath:com/mapper/*.xml"></property>
		<!-- mybatis配置文件 -->
		<property name="configLocation" value="classpath:mybatis-config.xml"></property>
	</bean>
	<!-- DAO接口所在包名，Spring会自动查找其下的类 -->
	<bean class="org.mybatis.spring.mapper.MapperScannerConfigurer">
		<property name="basePackage" value="com.dao"></property>
		<property name="sqlSessionFactoryBeanName" value="sqlSessionFactory"></property>
	</bean>
	<!-- 配置事务管理器 -->
	<bean id="transactionManager" class="org.springframework.jdbc.datasource.DataSourceTransactionManager">
		<property name="dataSource" ref="dataSource"></property>
	</bean>
	<!-- 配置事务管理器管理那些方法 -->
		<!-- 配置事务通知属性 --> 
		<tx:advice id="txAdvice" transaction-manager="transactionManager">
		<!-- 定义事务传播属性 --> 
			<tx:attributes>
				<tx:method name="insert*" propagation="REQUIRED" />
	            <tx:method name="add*" propagation="REQUIRED" />  
	            <tx:method name="update*" propagation="REQUIRED" /> 
	            <tx:method name="upd*" propagation="REQUIRED" /> 
	            <tx:method name="save*" propagation="REQUIRED" />
	            <tx:method name="submit*" propagation="REQUIRED" /> 
	            <tx:method name="grant*" propagation="REQUIRED" />
	            <tx:method name="Login*" propagation="REQUIRED" />
	            <tx:method name="reset*" propagation="REQUIRED" />      
	            <tx:method name="del*" propagation="REQUIRED" />  
	            <tx:method name="get*" propagation="REQUIRED" read-only="true" />  
	            <tx:method name="find*" propagation="REQUIRED" read-only="true" />  
				<tx:method name="*" propagation="REQUIRED" read-only="true" />  
			</tx:attributes>
		</tx:advice>
		<!-- 配置具体那些包下面的那些类下面的那些方法进行事务管理器 -->
		<aop:config>
			<aop:pointcut expression="execution(* com.service.*.*(..))" id="servicePoint"/>
			<aop:advisor advice-ref="txAdvice" pointcut-ref="servicePoint"/>
		</aop:config>
		 
</beans>





















