<?xml version="1.0" encoding="UTF-8"?>
<beans
	xmlns="http://www.springframework.org/schema/beans"
	xmlns:xsi="http://www.w3.org/2001/XMLSchema-instance"
	xmlns:p="http://www.springframework.org/schema/p"
	xmlns:context="http://www.springframework.org/schema/context"
	xmlns:mvc="http://www.springframework.org/schema/mvc"
	xsi:schemaLocation="
	http://www.springframework.org/schema/beans 
	http://www.springframework.org/schema/beans/spring-beans-3.0.xsd
	http://www.springframework.org/schema/context 
	http://www.springframework.org/schema/context/spring-context-3.0.xsd	
	http://www.springframework.org/schema/mvc 
	http://www.springframework.org/schema/mvc/spring-mvc-3.0.xsd
	">
	<!-- 配置扫描包 -->
	<context:component-scan base-package="com.controller"/>
	<!-- 配置mvc驱动 -->
	<mvc:annotation-driven conversion-service="conversionServiceFactoryBean"/>
	<!-- 配置视图解析器 -->
	<bean id="viewResolver"
        class="org.springframework.web.servlet.view.UrlBasedViewResolver">
	    <property name="viewClass" value="org.springframework.web.servlet.view.JstlView"/>
	    <property name="prefix" value="/"/>
	    <property name="suffix" value=".jsp"/>
    </bean>
    <!-- 配置转换器 -->
    <bean id="conversionServiceFactoryBean" class="org.springframework.context.support.ConversionServiceFactoryBean">
    	<property name="converters">
    		<list>
    			<bean class="com.converter.DateConverter"></bean>
    		</list>
    	</property>
    </bean>
</beans>